{"cameraMode":{"drawMode":0,"name":"Shaded","section":"Shading Mode"},"sceneLighting":false,"audioPlay":false,"sceneViewState":{"showFog":true,"showMaterialUpdate":false,"showSkybox":true,"showFlares":true,"showImageEffects":true,"showParticleSystems":true},"in2DMode":false,"pivot":{"x":0.7099999785423279,"y":6.570000171661377,"z":-4.340000152587891},"rotation":{"x":-0.36458712816238406,"y":0.013764208182692528,"z":-0.005389736965298653,"w":-0.931052029132843},"size":4.925731182098389,"orthographic":false}